,iter_id,drnet_PEHE,drnet_ATE_metric
0,0,0.1456140350877193,0.05175438596491228
