,iter_id,drnet_PEHE,drnet_ATE_metric
0,0,1.0869537265021767,0.0614040200884558
