,iter_id,drnet_PEHE,drnet_ATE_metric
0,0,1.1551542022369856,0.4898568149353646
1,1,1.1881392383834601,0.018524372246987664
2,2,1.3015759056593919,0.5402368328323619
