,iter_id,drnet_PEHE,drnet_ATE_metric
0,0,1.295138817645296,0.168914343673094
1,1,0.9402267516395972,0.24397288711416776
2,2,1.1527864955739895,0.048278413242054175
3,3,1.216773753767648,0.493431204682623
4,4,1.291862557780112,0.15887851668307018
5,5,1.3705471857317322,0.17848261365596674
6,6,1.0714150128358026,0.24007905992075607
7,7,1.3378735407492894,0.5521814647524517
8,8,2.762209982248551,2.3095260469626435
9,9,1.3638245451620512,0.04558058612264615
