,iter_id,drnet_PEHE,drnet_ATE_metric
0,0,0.9619891609438314,0.1310982283796065
