,iter_id,drnet_PEHE,drnet_ATE_metric
0,0,1.271794405704803,0.10417059278299767
