,iter_id,drnet_PEHE_out,drnet_ATE_metric_out,drnet_PEHE_in,drnet_ATE_metric_in
0,0,0.31898963300538824,0.017543859649122806,0.3196763714385853,0.01578947369728172
