,iter_id,drnet_ate_pred,drnet_att_pred,drnet_bias_att,drnet_atc_pred,drnet_policy_value,drnet_policy_risk,drnet_err_fact
0,0,-0.018706132243904803,0.015227487683296204,0.07762965517384665,-0.042944432191905524,0.6602512697139802,0.3397487302860198,0.3161993769470405
