,iter_id,drnet_PEHE,drnet_ATE_metric
0,0,1.2837196468137215,0.15341523186177408
1,1,0.8990072019492595,0.000235242132861746
2,2,1.1347871574144264,0.10448726929629615
3,3,1.07853952623204,0.1587850734850118
4,4,1.4188276911450295,0.7536149528911591
5,5,1.3802713017263997,0.3910596355726743
6,6,1.1569758714621645,0.6491405958156271
7,7,1.2691253483141203,0.24325087777862553
8,8,2.7452120092303924,1.2918243003399237
9,9,1.448914395011594,0.06368171883342066
