,iter_id,drnet_PEHE_out,drnet_ATE_metric_out,drnet_PEHE_in,drnet_ATE_metric_in
0,0,0.3171377786894318,0.00374841358381928,0.3201913600811902,0.0067143135740862885
