,iter_id,drnet_PEHE_out,drnet_ATE_metric_out,drnet_PEHE_in,drnet_ATE_metric_in
0,0,0.3256188146205686,0.01043618356874376,0.31772280840398837,0.01091892183145606
