,iter_id,drnet_PEHE_out,drnet_ATE_metric_out,drnet_PEHE_in,drnet_ATE_metric_in
0,0,0.3204394893971369,0.008240535788303405,0.37603503705776403,0.02184988492895571
