,iter_id,drnet_PEHE_out,drnet_ATE_metric_out,drnet_PEHE_in,drnet_ATE_metric_in
0,0,0.3189300361725686,0.01785603821800466,0.31990149271037066,0.00844118452483886
