,iter_id,drnet_PEHE_out,drnet_ATE_metric_out,drnet_PEHE_in,drnet_ATE_metric_in
0,0,0.31000554530109603,0.011406524706501189,0.32306174056269343,0.012753275824759741
