,iter_id,drnet_PEHE,drnet_ATE_metric
0,0,0.10307017543859649,0.008333333333333333
