,iter_id,drnet_PEHE_out,drnet_ATE_metric_out,drnet_PEHE_in,drnet_ATE_metric_in
0,0,0.316438202478287,0.0010315594034628894,0.3203386818791008,0.002223549551011894
