,iter_id,drnet_PEHE_out,drnet_ATE_metric_out,drnet_PEHE_in,drnet_ATE_metric_in
0,0,0.38955665308772774,0.062280701754385964,0.38474188203193277,0.0537280701754386
