,iter_id,drnet_PEHE_out,drnet_ATE_metric_out,drnet_PEHE_in,drnet_ATE_metric_in
0,0,0.31277889735901526,0.01633328831378828,0.32173524906864415,0.02242834580523011
