,iter_id,drnet_PEHE_out,drnet_ATE_metric_out,drnet_PEHE_in,drnet_ATE_metric_in
0,0,0.31125645571829913,0.00392636674734061,0.32196354705336255,0.0018242119153830828
