,iter_id,drnet_PEHE_out,drnet_ATE_metric_out,drnet_PEHE_in,drnet_ATE_metric_in
0,0,0.31966553749519816,0.023395362366481046,0.32268349985642075,0.02423757659536868
