,iter_id,drnet_bias_att_out,drnet_policy_risk_out,drnet_bias_att_in,drnet_policy_risk_in
0,0,0.028733884795080163,0.1315519740190354,0.07505362469695302,0.09208685488955315
