,iter_id,drnet_bias_att_out,drnet_policy_risk_out,drnet_bias_att_in,drnet_policy_risk_in
0,0,0.07860533544938117,0.13876472983850974,0.12486393150447385,0.09423539469256437
