,iter_id,drnet_bias_att_out,drnet_policy_risk_out,drnet_bias_att_in,drnet_policy_risk_in
0,0,0.020718278492406345,0.13201946035079903,0.06407400699913317,0.09269897186814102
