,iter_id,drnet_bias_att_out,drnet_policy_risk_out,drnet_bias_att_in,drnet_policy_risk_in
0,0,0.01331143280482093,0.12883931686165562,0.0554537125362145,0.09337944950470944
