,iter_id,drnet_ate_pred,drnet_att_pred,drnet_bias_att,drnet_atc_pred,drnet_policy_value,drnet_policy_risk,drnet_err_fact
0,0,0.01594760724239879,-0.16665825347105662,0.2595153963281995,0.14638036489486694,0.521412037037037,0.478587962962963,0.18847352024922118
