,iter_id,drnet_PEHE_out,drnet_ATE_metric_out,drnet_PEHE_in,drnet_ATE_metric_in
0,0,8.591425466459974,0.5167073797656201,10.336911033398348,1.2790177454865255
