,iter_id,drnet_PEHE_out,drnet_ATE_metric_out,drnet_PEHE_in,drnet_ATE_metric_in
0,0,1.7251769057285813,0.7990833317796562,1.4689513534819576,0.5414993477326853
