,iter_id,drnet_PEHE_out,drnet_ATE_metric_out,drnet_PEHE_in,drnet_ATE_metric_in
0,0,7.234190546575231,1.9668553519756653,10.321975517682835,0.18153307474567804
