,iter_id,drnet_PEHE_out,drnet_ATE_metric_out,drnet_PEHE_in,drnet_ATE_metric_in
0,0,1.4342245567802554,0.3512615557274188,1.4199268347814409,0.3862190306836477
