,iter_id,drnet_PEHE,drnet_ATE_metric
0,0,1.7015706051707806,1.574032380823339
