,iter_id,drnet_PEHE_out,drnet_ATE_metric_out,drnet_PEHE_in,drnet_ATE_metric_in,drnet_PEHE_out_wo_DR,drnet_ATE_metric_out_wo_DR,drnet_PEHE_in_wo_DR,drnet_ATE_metric_in_wo_DR
0,0,9.045081158510243,1.317335587590933,8.572843817928847,1.5232157111912965,8.917870272327574,0.8801618766412139,8.726500744525945,1.122770654875785
