,iter_id,drnet_PEHE_out,drnet_ATE_metric_out,drnet_PEHE_in,drnet_ATE_metric_in
0,0,1.7516653094400547,0.8100546045661146,1.4585505364471885,0.5334492359450254
