,iter_id,drnet_PEHE_out,drnet_ATE_metric_out,drnet_PEHE_in,drnet_ATE_metric_in,drnet_PEHE_out_wo_DR,drnet_ATE_metric_out_wo_DR,drnet_PEHE_in_wo_DR,drnet_ATE_metric_in_wo_DR
0,0,6.130361924363336,0.43877722761360927,6.143684767401543,0.34649834707932303,5.897691931357681,0.2172383277676999,5.899540749606679,0.14830653054726994
