,iter_id,drnet_PEHE_out,drnet_ATE_metric_out,drnet_PEHE_in,drnet_ATE_metric_in
0,0,1.6548874237715692,0.3992299483687649,1.4286487200987203,0.47080816236225687
