,iter_id,drnet_PEHE_out,drnet_ATE_metric_out,drnet_PEHE_in,drnet_ATE_metric_in,drnet_PEHE_out_wo_DR,drnet_ATE_metric_out_wo_DR,drnet_PEHE_in_wo_DR,drnet_ATE_metric_in_wo_DR
0,0,4.992788121215996,0.5407212858181447,4.815807170088641,0.6110109261376784,4.704163424252595,0.44636525954119866,4.648234816470707,0.48773625760135486
