,iter_id,drnet_PEHE,drnet_ATE_metric
0,0,1.1115868347709588,0.3162601083302867
1,1,1.1349847633320465,0.6322736144738386
2,2,1.0746007245894962,0.33223467512329075
3,3,1.2415278753444694,0.5622691603336785
4,4,1.2142656673974768,0.4886304850274783
5,5,1.1006991806694246,0.6166591497847747
6,6,1.0306198563454922,0.49107247900797324
7,7,1.1602680848319913,0.258556020525881
8,8,1.1383475015682745,0.5726538613892354
9,9,1.1745305737335092,0.3773196998289947
