,iter_id,drnet_PEHE_out,drnet_ATE_metric_out,drnet_PEHE_in,drnet_ATE_metric_in
0,0,8.19403202325961,2.2968980765850393,11.14744391961128,0.21248230190277262
