,iter_id,drnet_PEHE_out,drnet_ATE_metric_out,drnet_PEHE_in,drnet_ATE_metric_in,drnet_PEHE_out_wo_DR,drnet_ATE_metric_out_wo_DR,drnet_PEHE_in_wo_DR,drnet_ATE_metric_in_wo_DR
0,0,0.5668675391285425,0.28204320137333383,0.6384146772645153,0.31104772389112245,0.6583914496112273,0.417961818621869,0.6570149375457099,0.4291370657288791
